,Best,EW,mayMV
ff25_csv,8.890366321416984e+22,26176.197822100785,1434231.2365473593
