,Best,EW,mayMV
ff25_csv,0.21525599999999998,0.5410239173745711,0.5452339488447788
