,Best,EW,mayMV
ff25_csv,14.445493873522379,18.739437982124404,18.768803723436676
