,Best,EW,mayMV
ff25_csv,0.25380114332186643,0.1870798355410836,0.18756059370891018
